{
	"pattrstorage" : 	{
		"name" : "fm",
		"slots" : 		{
			"1" : 			{
				"id" : 1,
				"data" : 				{
					"Amount" : [ 22.834645669291319 ],
					"Attack" : [ 125.0 ],
					"Decay" : [ 250.0 ],
					"Detune" : [ 0.393700787401574 ],
					"Filter" : [ 0.0 ],
					"Frequency" : [ 50.570702462169471 ],
					"Gain" : [ -6.56692913385827 ],
					"Mode" : [ 1.0 ],
					"Modulator" : [ 12.269238983845772 ],
					"Oscillator" : [ 2.0 ],
					"Ratio" : [ 2.0 ],
					"Release" : [ 350.0 ],
					"Resonance" : [ 0.401574803149606 ],
					"Sustain" : [ 28.346456692913357 ],
					"FreqMode" : [ 0.0 ],
					"Bus" : [ 1 ],
					"Output" : [ 0.0 ]
				}

			}

		}

	}

}
